Phallus,Displace
1.0,21.487603305784944
1.0,35.83061889250834
1.0,61.74496644295305
1.0,22.0149253731344
1.0,35.49783549783578
2.0,93.11740890688256
2.0,80.76923076923086
2.0,91.05691056910518
2.0,97.43589743589735
2.0,93.16546762589937
3.0,99.22178988326809
3.0,79.735682819383
3.0,91.00529100529093
3.0,99.24528301886807
3.0,86.90476190476195
