DIET,PIG,WEEK,LGWT
1.0,1.0,1.0,0.78846
1.0,1.0,2.0,1.70475
1.0,1.0,3.0,3.7281
1.0,1.0,4.0,4.68767
1.0,2.0,1.0,0.69315
1.0,2.0,2.0,1.58924
1.0,2.0,3.0,3.83298
1.0,2.0,4.0,4.53903
1.0,3.0,1.0,0.69315
1.0,3.0,2.0,1.64866
1.0,3.0,3.0,3.7305
1.0,3.0,4.0,4.60517
1.0,4.0,1.0,0.78846
1.0,4.0,2.0,1.60944
1.0,4.0,3.0,3.63495
1.0,4.0,4.0,4.45783
1.0,5.0,1.0,0.83291
1.0,5.0,2.0,1.72277
1.0,5.0,3.0,3.87743
1.0,5.0,4.0,4.6415
2.0,6.0,1.0,0.74194
2.0,6.0,2.0,1.66771
2.0,6.0,3.0,3.71357
2.0,6.0,4.0,4.52504
2.0,7.0,1.0,0.58779
2.0,7.0,2.0,1.45862
2.0,7.0,3.0,3.58074
2.0,7.0,4.0,4.3745
2.0,8.0,1.0,0.64185
2.0,8.0,2.0,1.52606
2.0,8.0,3.0,3.627
2.0,8.0,4.0,4.35927
2.0,9.0,1.0,0.53063
2.0,9.0,2.0,1.45862
2.0,9.0,3.0,3.46574
2.0,9.0,4.0,4.2669
2.0,10.0,1.0,0.91629
2.0,10.0,2.0,1.6864
2.0,10.0,3.0,3.79098
2.0,10.0,4.0,4.62301
,,,
,,,
,,,
,,,
,,,
,,,
,,,
,,,
,,,
,,,
,,,
,,,
,,,
,,,
,,,
,,,
,,,
,,,
,,,
,,,
,,,
,,,
,,,
,,,
,,,
,,,
,,,
,,,
,,,
,,,
,,,
,,,
,,,
,,,
,,,
,,,
,,,
,,,
,,,
,,,
,,,
,,,
,,,
,,,
,,,
,,,
,,,
,,,
,,,
,,,
,,,
,,,
,,,
,,,
,,,
,,,
,,,
,,,
,,,
,,,
,,,
,,,
,,,
,,,
,,,
,,,
,,,
,,,
,,,
,,,
,,,
,,,
,,,
,,,
,,,
,,,
,,,
,,,
,,,
,,,
,,,
,,,
,,,
,,,
,,,
,,,
,,,
,,,
,,,
,,,
,,,
,,,
,,,
,,,
,,,
,,,
,,,
,,,
,,,
,,,
,,,
,,,
,,,
,,,
,,,
,,,
,,,
,,,
,,,
,,,
